DROP TABLE IF EXISTS Province CASCADE;
DROP TABLE IF EXISTS Medici CASCADE;
DROP TABLE IF EXISTS Pazienti CASCADE;
DROP TABLE IF EXISTS Farmacie CASCADE;
DROP TABLE IF EXISTS Utenti CASCADE;
DROP TABLE IF EXISTS ListaEsami CASCADE;
DROP TABLE IF EXISTS Esami CASCADE;
DROP TABLE IF EXISTS Richiami CASCADE;
DROP TABLE IF EXISTS Medicinali CASCADE;
DROP TABLE IF EXISTS Ricette CASCADE;
DROP TABLE IF EXISTS Foto CASCADE;
DROP TABLE IF EXISTS Tickets CASCADE;



CREATE TABLE Province
(
    Sigla     char(2),
    Provincia text,
    PRIMARY KEY (Sigla)
);
INSERT INTO Province (Sigla, Provincia)
VALUES ('AG', 'Agrigento'),
       ('AL', 'Alessandria'),
       ('AN', 'Ancona'),
       ('AO', 'Aosta'),
       ('AR', 'Arezzo'),
       ('AP', 'Ascoli Piceno'),
       ('AT', 'Asti'),
       ('AV', 'Avellino'),
       ('BA', 'Bari'),
       ('BT', 'Barletta-Andria-Trani'),
       ('BL', 'Belluno'),
       ('BN', 'Benevento'),
       ('BG', 'Bergamo'),
       ('BI', 'Biella'),
       ('BO', 'Bologna'),
       ('BZ', 'Bolzano'),
       ('BS', 'Brescia'),
       ('BR', 'Brindisi'),
       ('CA', 'Cagliari'),
       ('CL', 'Caltanissetta'),
       ('CB', 'Campobasso'),
       ('CE', 'Caserta'),
       ('CT', 'Catania'),
       ('CZ', 'Catanzaro'),
       ('CH', 'Chieti'),
       ('CO', 'Como'),
       ('CS', 'Cosenza'),
       ('CR', 'Cremona'),
       ('KR', 'Crotone'),
       ('CN', 'Cuneo'),
       ('EN', 'Enna'),
       ('FM', 'Fermo'),
       ('FE', 'Ferrara'),
       ('FI', 'Firenze'),
       ('FG', 'Foggia'),
       ('FC', 'Forlì-Cesena'),
       ('FR', 'Frosinone'),
       ('GE', 'Genova'),
       ('GO', 'Gorizia'),
       ('GR', 'Grosseto'),
       ('IM', 'Imperia'),
       ('IS', 'Isernia'),
       ('AQ', 'L''Aquila'),
       ('SP', 'La Spezia'),
       ('LT', 'Latina'),
       ('LE', 'Lecce'),
       ('LC', 'Lecco'),
       ('LI', 'Livorno'),
       ('LO', 'Lodi'),
       ('LU', 'Lucca'),
       ('MC', 'Macerata'),
       ('MN', 'Mantova'),
       ('MS', 'Massa-Carrara'),
       ('MT', 'Matera'),
       ('ME', 'Messina'),
       ('MI', 'Milano'),
       ('MO', 'Modena'),
       ('MB', 'Monza e Brianza'),
       ('NA', 'Napoli'),
       ('NO', 'Novara'),
       ('NU', 'Nuoro'),
       ('OR', 'Oristano'),
       ('PD', 'Padova'),
       ('PA', 'Palermo'),
       ('PR', 'Parma'),
       ('PV', 'Pavia'),
       ('PG', 'Perugia'),
       ('PU', 'Pesaro e Urbino'),
       ('PE', 'Pescara'),
       ('PC', 'Piacenza'),
       ('PI', 'Pisa'),
       ('PT', 'Pistoia'),
       ('PN', 'Pordenone'),
       ('PZ', 'Potenza'),
       ('PO', 'Prato'),
       ('RG', 'Ragusa'),
       ('RA', 'Ravenna'),
       ('RC', 'Reggio Calabria'),
       ('RE', 'Reggio Emilia'),
       ('RI', 'Rieti'),
       ('RN', 'Rimini'),
       ('RM', 'Roma'),
       ('RO', 'Rovigo'),
       ('SA', 'Salerno'),
       ('SS', 'Sassari'),
       ('SV', 'Savona'),
       ('SI', 'Siena'),
       ('SR', 'Siracusa'),
       ('SO', 'Sondrio'),
       ('SU', 'Sud Sardegna'),
       ('TA', 'Taranto'),
       ('TE', 'Teramo'),
       ('TR', 'Terni'),
       ('TO', 'Torino'),
       ('TP', 'Trapani'),
       ('TN', 'Trento'),
       ('TV', 'Treviso'),
       ('TS', 'Trieste'),
       ('UD', 'Udine'),
       ('VA', 'Varese'),
       ('VE', 'Venezia'),
       ('VB', 'Verbano-Cusio-Ossola'),
       ('VC', 'Vercelli'),
       ('VR', 'Verona'),
       ('VV', 'Vibo Valentia'),
       ('Vi', 'Vicenza'),
       ('VT', 'Viterbo');


CREATE TABLE Medici
(
    ID        serial,
    Nome      text,
    Cognome   text,
    IsBase    boolean,
    Citta     text,
    Provincia char(2),
    UltimaRicetta date,
    UltimaVisita date,
    PRIMARY KEY (ID),
    FOREIGN KEY (Provincia) REFERENCES Province (Sigla)
);
-- base
INSERT INTO Medici (Nome, Cognome, IsBase, Citta, Provincia)
VALUES ('Gastone', 'Fiorentino', TRUE, 'Trento', 'TN'),
       ('Colombano', 'Castiglione', TRUE, 'Rovereto', 'TN'),
       ('Alba', 'Mancini', TRUE, 'Borgo Valsugana', 'TN'),
       ('Susanne', 'Reinhard', TRUE, 'Bolzano', 'BZ'),
       ('Lucas', 'Kaestner', TRUE, 'Merano', 'BZ');
-- specialisti
INSERT INTO Medici (Nome, Cognome, IsBase, Citta, Provincia)
VALUES ('Crescenzo', 'Genovesi', FALSE, 'Trento', 'TN'),
       ('Rufino', 'Bianchi', FALSE, 'Rovereto', 'TN'),
       ('Orestilla', 'Piccio', FALSE, 'Ala', 'TN'),
       ('Mathias', 'Dietrich', FALSE, 'Bolzano', 'BZ'),
       ('Sven', 'Keller', FALSE, 'Brunico', 'BZ');


CREATE TABLE Pazienti
(
    ID         serial,
    CodFiscale char(16) NOT NULL UNIQUE,
    Nome       text,
    Cognome    text,
    DataN      date,
    LuogoN     char(2),
    Sesso      char CHECK (Sesso = 'M' OR Sesso = 'F'),
    MedicoB    integer,
    Provincia  char(2),
    PRIMARY KEY (ID),
    FOREIGN KEY (MedicoB) REFERENCES Medici (ID),
    FOREIGN KEY (LuogoN) REFERENCES Province (Sigla),
    FOREIGN KEY (Provincia) REFERENCES Province (Sigla)
);
INSERT INTO Pazienti (CodFiscale, Nome, Cognome, DataN, LuogoN, Sesso, DataF, MedicoB, Provincia)
VALUES ('BNOVNC45S23L378Q', 'Vinicio', 'Boni', '1945-11-23', 'TN', 'M', '2019-11-05', 1, 'TN'),
       ('MRTVGN62L71L378O', 'Virginia', 'Moretti', '1962-07-31', 'TN', 'F', '2019-11-05', 1, 'TN'),
       ('LFNNTN82A60L378M', 'Antonia', 'Li Fonti', '1982-01-20', 'TN', 'F', '2019-11-05', 1, 'TN'),
       ('MLNSMN80D04L378V', 'Simone', 'Milanesi', '1980-04-04', 'TN', 'M', '2019-11-05', 1, 'TN'),
       ('SPSCTN69H12L378D', 'Cantone', 'Esposito', '1969-06-12', 'TN', 'M', '2019-11-05', 1, 'TN'),
       ('FLLGRR88P17L378V', 'Gherardo', 'Folliero', '1988-09-17', 'TN', 'M', '2019-11-05', 1, 'TN'),
       ('PDVMRT71C27L378L', 'Mareta', 'Padovesi', '1971-03-27', 'TN', 'F', '2019-11-05', 1, 'TN'),
       ('MZZFNC63S13L378T', 'Francesco', 'Mazzi', '1963-11-13', 'TN', 'M', '2019-11-05', 1, 'TN'),
       ('TRNVNI59P26B429T', 'Ivano', 'Trentini', '1959-09-26', 'CL', 'M', '2019-11-05', 1, 'TN'),
       ('MRCDBR78R42H282X', 'Debora', 'Marchesi', '1978-10-02', 'RI', 'F', '2019-11-05', 1, 'TN'),

       ('NOICSN07P59L378F', 'Cassandra', 'Onio', '2007-09-19', 'TN', 'F', '2019-11-05', 2, 'TN'),
       ('SLAGRD37E30L378I', 'Geraldo', 'Sal', '1937-05-30', 'TN', 'M', '2019-11-05', 2, 'TN'),
       ('FNCDNA64T21L378D', 'Adone', 'Fanucci', '1964-12-21', 'TN', 'M', '2019-11-05', 2, 'TN'),
       ('DLLVGN94T51L378D', 'Virginia', 'Dellucci', '1994-12-11', 'TN', 'F', '2019-11-05', 2, 'TN'),
       ('CLMLCS49M27L378L', 'Lucius', 'Colombo', '1949-08-27', 'TN', 'M', '2019-11-05', 2, 'TN'),
       ('DVDTQN90T54L378K', 'Tarquinia', 'Davide', '1990-12-14', 'TN', 'F', '2019-11-05', 2, 'TN'),
       ('PSNGNR92E01L378E', 'Agenore', 'Pisani', '1992-05-01', 'TN', 'M', '2019-11-05', 2, 'TN'),
       ('GNVGRD99H08L378J', 'Gerardo', 'Genovese', '1999-06-08', 'PG', 'M', '2019-11-05', 2, 'TN'),
       ('ZTTGLR29R60H223D', 'Gloria', 'Zetticci', '1929-10-20', 'RE', 'F', '2019-11-05', 2, 'TN'),
       ('TRNRTD21C06E507P', 'Aristide', 'Trentini', '1921-03-06', 'LC', 'M', '2019-11-05', 2, 'TN'),

       ('MRCLRD86B66L378W', 'Alfredina', 'Marcelo', '1986-02-26', 'TN', 'F', '2019-11-05', 3, 'TN'),
       ('LROMHL68P65L378F', 'Michela', 'Lori', '1968-09-25', 'TN', 'F', '2019-11-05', 3, 'TN'),
       ('MNLBLN21C19L378A', 'Bellino', 'Monaldo', '1921-03-19', 'TN', 'M', '2019-11-05', 3, 'TN'),
       ('RMNMND25P42L378L', 'Miranda', 'Romano', '1925-09-02', 'TN', 'F', '2019-11-05', 3, 'TN'),
       ('GRDLNE91C27L378I', 'Leone', 'Giordano', '1991-03-27', 'TN', 'M', '2019-11-05', 3, 'TN'),
       ('RSSNTA95T43L378E', 'Anita', 'Rossi', '1995-12-03', 'TN', 'F', '2019-11-05', 3, 'TN'),
       ('MRCMCL53B65L378R', 'Marcella', 'Marchesi', '1953-02-25', 'TN', 'F', '2019-11-05', 3, 'TN'),
       ('PLRLBA43P47L378J', 'Alba', 'Palerma', '1943-09-07', 'TN', 'F', '2019-11-05', 3, 'TN'),
       ('RMNFBN76R18L378X', 'Fabiano', 'Romani', '1976-10-18', 'TN', 'M', '2019-11-05', 3, 'TN'),
       ('LDCSRI17R13H282Q', 'Isauro', 'Lo Duca', '2017-10-13', 'RI', 'M', '2019-11-05', 3, 'TN'),

       ('BRHWUE90C13A952L', 'Uwe', 'Eberhart', '1990-03-13', 'BZ', 'M', '2019-11-05', 4, 'BZ'),
       ('WNKPLA47S26A952C', 'Paul', 'Winkel', '1947-11-26', 'BZ', 'M', '2019-11-05', 4, 'BZ'),
       ('KSTCLD34A62A952T', 'Claudia', 'Kuster', '1934-01-22', 'BZ', 'F', '2019-11-05', 4, 'BZ'),
       ('GRSSRH65B66A952T', 'Sarah', 'Gersten', '1965-02-26', 'BZ', 'F', '2019-11-05', 4, 'BZ'),
       ('HFFDNK61A07A952D', 'Dominik', 'Hoffmann', '1961-01-07', 'BZ', 'M', '2019-11-05', 4, 'BZ'),
       ('WGNFRN75T12A952R', 'Florian', 'Wagner', '1975-12-12', 'BZ', 'M', '2019-11-05', 4, 'BZ'),
       ('HRRCRS87B61A952D', 'Christin', 'Herrmann', '1987-02-22', 'BZ', 'F', '2019-11-05', 4, 'BZ'),
       ('NSSKRN91T64A952H', 'Katrin', 'Nussbaum', '1991-12-24', 'BZ', 'F', '2019-11-05', 4, 'BZ'),
       ('JNKKRN67A63A952E', 'Katrin', 'Junker', '1967-01-23', 'BZ', 'F', '2019-11-05', 4, 'BZ'),
       ('SCHLHE46T44A952G', 'Leah', 'Schaefer', '1946-12-04', 'BZ', 'F', '2019-11-05', 4, 'BZ'),

       ('HHNNTT97C55A952Q', 'Annett', 'Hahn', '1997-03-15', 'BZ', 'F', '2019-11-05', 5, 'BZ'),
       ('VGLRPH80R30A952F', 'Ralph', 'Vogler', '1980-10-30', 'BZ', 'M', '2019-11-05', 5, 'BZ'),
       ('CHLJNN64C55A952B', 'Johanna', 'Eichel', '1964-03-15', 'BZ', 'F', '2019-11-05', 5, 'BZ'),
       ('NSTWUE53A08A952F', 'Uwe', 'Neustadt', '1953-01-08', 'BZ', 'M', '2019-11-05', 5, 'BZ'),
       ('BMGMRC49A31A952Y', 'Marco', 'Baumgartner', '1949-01-31', 'BZ', 'M', '2019-11-05', 5, 'BZ'),
       ('NMNTMS46C21A952E', 'Thomas', 'Naumann', '1946-03-21', 'BZ', 'M', '2019-11-05', 5, 'BZ'),
       ('SCHDNS34R21A952U', 'Dennis', 'Schweizer', '1934-10-22', 'BZ', 'M', '2019-11-05', 5, 'BZ'),
       ('BRSSRN88L71A952H', 'Sabrina', 'Ebersbacher', '1988-07-31', 'BZ', 'F', '2019-11-05', 5, 'BZ'),
       ('CHNSNN46H56A952K', 'Susanne', 'Aachen', '1946-06-16', 'BZ', 'F', '2019-11-05', 5, 'BZ'),
       ('PFFNKA38S63A952D', 'Anke', 'Pfaff', '1938-11-23', 'BZ', 'F', '2019-11-05', 5, 'BZ');


CREATE TABLE Farmacie
(
    ID        serial,
    Nome      text,
    Indirizzo text,
    Citta     text,
    Provincia char(2),
    PRIMARY KEY (ID),
    FOREIGN KEY (Provincia) REFERENCES Province (Sigla)
);
INSERT INTO Farmacie (Nome, Indirizzo, Citta, Provincia)
VALUES ('Farmacia Comunale San Giuseppe', 'Via Vittorio Veneto, 39, 38122 Trento TN', 'Trento', 'TN'),
       ('Farmacia Comunale San Camillo', 'Via Benedetto Giovanelli, 5, 38122 Trento TN', 'Trento', 'TN'),
       ('Farmacia Comunale Povo', 'Piazza Giannantonio Manci, 5, 38123 Povo TN', 'Povo', 'TN'),
       ('Farmacia Comunale Via Paoli', 'Via F. Paoli, 11, 38068 Rovereto TN', 'Rovereto', 'TN'),
       ('Farmacia Centrale dr. Ballista', 'Corso Ausugum, 40, 38051 Borgo Valsugana TN', 'Brogo Valsugana', 'TN'),
       ('Farmacia Galilei Apotheke', 'Via G. Galilei, 8/C, 39100 Bolzano BZ', 'Bolzano', 'BZ'),
       ('Farmacia Comunale Firmian', 'Viale Giacomo Puccini, 16, 39100 Bolzano BZ', 'Bolzano', 'BZ'),
       ('Farmacia Merano', 'Via Roma, 270, 39012 Merano BZ', 'Merano', 'BZ'),
       ('Apotheke Peer Farmacia', 'Via Ponte Aquila, 4, 39042 Bressanone BZ', 'Bressanone', 'BZ'),
       ('Farmacia Dobbiaco', 'Viale S. Giovanni, 6, 39034 Dobbiaco BZ', 'Dobbiaco', 'BZ');


CREATE TABLE Utenti
(
    Email     text,
    PwdDigest text NOT NULL,
    Ruolo     char(3) CHECK (Ruolo = 'P' OR Ruolo = 'M' OR Ruolo = 'F' OR Ruolo = 'SSP' OR Ruolo = 'SSN'),
    IDUtente  integer,
    PRIMARY KEY (Email)
);
-- pazienti + medici + farmacie
INSERT INTO Utenti (Email, PwdDigest, Ruolo, IDUtente)
VALUES ('vinicio.boni@gmail.com', md5('cittadino'), 'P', 1),
       ('virginia.moretti@gmail.com', md5('cittadino'), 'P', 2),
       ('antonia.li fonti@gmail.com', md5('cittadino'), 'P', 3),
       ('simone.milanesi@gmail.com', md5('cittadino'), 'P', 4),
       ('cantone.esposito@gmail.com', md5('cittadino'), 'P', 5),
       ('gherardo.folliero@gmail.com', md5('cittadino'), 'P', 6),
       ('mareta.padovesi@gmail.com', md5('cittadino'), 'P', 7),
       ('francesco.mazzi@gmail.com', md5('cittadino'), 'P', 8),
       ('ivano.trentini@gmail.com', md5('cittadino'), 'P', 9),
       ('debora.marchesi@gmail.com', md5('cittadino'), 'P', 10),
       ('cassandra.onio@gmail.com', md5('cittadino'), 'P', 11),
       ('geraldo.sal@gmail.com', md5('cittadino'), 'P', 12),
       ('adone.fanucci@gmail.com', md5('cittadino'), 'P', 13),
       ('virginia.dellucci@gmail.com', md5('cittadino'), 'P', 14),
       ('lucius.colombo@gmail.com', md5('cittadino'), 'P', 15),
       ('tarquinia.davide@gmail.com', md5('cittadino'), 'P', 16),
       ('agenore.pisani@gmail.com', md5('cittadino'), 'P', 17),
       ('gerardo.genovese@gmail.com', md5('cittadino'), 'P', 18),
       ('gloria.zetticci@gmail.com', md5('cittadino'), 'P', 19),
       ('aristide.trentini@gmail.com', md5('cittadino'), 'P', 20),
       ('alfredina.marcelo@gmail.com', md5('cittadino'), 'P', 21),
       ('michela.lori@gmail.com', md5('cittadino'), 'P', 22),
       ('bellino.monaldo@gmail.com', md5('cittadino'), 'P', 23),
       ('miranda.romano@gmail.com', md5('cittadino'), 'P', 24),
       ('leone.giordano@gmail.com', md5('cittadino'), 'P', 25),
       ('anita.rossi@gmail.com', md5('cittadino'), 'P', 26),
       ('marcella.marchesi@gmail.com', md5('cittadino'), 'P', 27),
       ('alba.palerma@gmail.com', md5('cittadino'), 'P', 28),
       ('fabiano.romani@gmail.com', md5('cittadino'), 'P', 29),
       ('isauro.lo duca@gmail.com', md5('cittadino'), 'P', 30),
       ('uwe.eberhart@gmail.com', md5('cittadino'), 'P', 31),
       ('paul.winkel@gmail.com', md5('cittadino'), 'P', 32),
       ('claudia.kuster@gmail.com', md5('cittadino'), 'P', 33),
       ('sarah.gersten@gmail.com', md5('cittadino'), 'P', 34),
       ('dominik.hoffmann@gmail.com', md5('cittadino'), 'P', 35),
       ('florian.wagner@gmail.com', md5('cittadino'), 'P', 36),
       ('christin.herrmann@gmail.com', md5('cittadino'), 'P', 37),
       ('katrin.nussbaum@gmail.com', md5('cittadino'), 'P', 38),
       ('katrin.junker@gmail.com', md5('cittadino'), 'P', 39),
       ('leah.schaefer@gmail.com', md5('cittadino'), 'P', 40),
       ('annett.hahn@gmail.com', md5('cittadino'), 'P', 41),
       ('ralph.vogler@gmail.com', md5('cittadino'), 'P', 42),
       ('johanna.eichel@gmail.com', md5('cittadino'), 'P', 43),
       ('uwe.neustadt@gmail.com', md5('cittadino'), 'P', 44),
       ('marco.baumgartner@gmail.com', md5('cittadino'), 'P', 45),
       ('thomas.naumann@gmail.com', md5('cittadino'), 'P', 46),
       ('dennis.schweizer@gmail.com', md5('cittadino'), 'P', 47),
       ('sabrina.ebersbacher@gmail.com', md5('cittadino'), 'P', 48),
       ('susanne.aachen@gmail.com', md5('cittadino'), 'P', 49),
       ('anke.pfaff@gmail.com', md5('cittadino'), 'P', 50),

       ('gastone.fiorentino@fnomceo.it', md5('medico'), 'M', 1),
       ('colombano.castiglione@fnomceo.it', md5('medico'), 'M', 2),
       ('alba.mancini@fnomceo.it', md5('medico'), 'M', 3),
       ('susanne.reinhard@fnomceo.it', md5('medico'), 'M', 4),
       ('lucas.kaestner@fnomceo.it', md5('medico'), 'M', 5),
       ('crescenzo.genovesi@fnomceo.it', md5('medico'), 'M', 6),
       ('rufino.bianchi@fnomceo.it', md5('medico'), 'M', 7),
       ('orestilla.piccio@fnomceo.it', md5('medico'), 'M', 8),
       ('mathias.dietrich@fnomceo.it', md5('medico'), 'M', 9),
       ('sven.keller@fnomceo.it', md5('medico'), 'M', 10),

       ('comunale.sangiuseppe@federfarma.it', md5('farmacia'), 'F', 1),
       ('comunale.sancamillo@federfarma.it', md5('farmacia'), 'F', 2),
       ('comunale.povo@federfarma.it', md5('farmacia'), 'F', 3),
       ('comunale.viapaoli@federfarma.it', md5('farmacia'), 'F', 4),
       ('centrale.dr-ballista@federfarma.it', md5('farmacia'), 'F', 5),
       ('galilei.apotheke@federfarma.it', md5('farmacia'), 'F', 6),
       ('comunale.firmian@federfarma.it', md5('farmacia'), 'F', 7),
       ('merano@@federfarma.it', md5('farmacia'), 'F', 8),
       ('peer@federfarma.it', md5('farmacia'), 'F', 9),
       ('dobbiaco@federfarma.it', md5('farmacia'), 'F', 10);
-- ssn + ssp
INSERT INTO Utenti (Email, PwdDigest, Ruolo)
VALUES ('ssn@servizio.sanitario.it', md5('ssn'), 'SSN'),

       ('ssp@servizio.sanitario.ag.it', md5('ssp'), 'SSP'),
       ('ssp@servizio.sanitario.al.it', md5('ssp'), 'SSP'),
       ('ssp@servizio.sanitario.an.it', md5('ssp'), 'SSP'),
       ('ssp@servizio.sanitario.ao.it', md5('ssp'), 'SSP'),
       ('ssp@servizio.sanitario.ar.it', md5('ssp'), 'SSP'),
       ('ssp@servizio.sanitario.ap.it', md5('ssp'), 'SSP'),
       ('ssp@servizio.sanitario.at.it', md5('ssp'), 'SSP'),
       ('ssp@servizio.sanitario.av.it', md5('ssp'), 'SSP'),
       ('ssp@servizio.sanitario.ba.it', md5('ssp'), 'SSP'),
       ('ssp@servizio.sanitario.bt.it', md5('ssp'), 'SSP'),
       ('ssp@servizio.sanitario.bl.it', md5('ssp'), 'SSP'),
       ('ssp@servizio.sanitario.bn.it', md5('ssp'), 'SSP'),
       ('ssp@servizio.sanitario.bg.it', md5('ssp'), 'SSP'),
       ('ssp@servizio.sanitario.bi.it', md5('ssp'), 'SSP'),
       ('ssp@servizio.sanitario.bo.it', md5('ssp'), 'SSP'),
       ('ssp@servizio.sanitario.bz.it', md5('ssp'), 'SSP'),
       ('ssp@servizio.sanitario.bs.it', md5('ssp'), 'SSP'),
       ('ssp@servizio.sanitario.br.it', md5('ssp'), 'SSP'),
       ('ssp@servizio.sanitario.ca.it', md5('ssp'), 'SSP'),
       ('ssp@servizio.sanitario.cl.it', md5('ssp'), 'SSP'),
       ('ssp@servizio.sanitario.cb.it', md5('ssp'), 'SSP'),
       ('ssp@servizio.sanitario.ce.it', md5('ssp'), 'SSP'),
       ('ssp@servizio.sanitario.ct.it', md5('ssp'), 'SSP'),
       ('ssp@servizio.sanitario.cz.it', md5('ssp'), 'SSP'),
       ('ssp@servizio.sanitario.ch.it', md5('ssp'), 'SSP'),
       ('ssp@servizio.sanitario.co.it', md5('ssp'), 'SSP'),
       ('ssp@servizio.sanitario.cs.it', md5('ssp'), 'SSP'),
       ('ssp@servizio.sanitario.cr.it', md5('ssp'), 'SSP'),
       ('ssp@servizio.sanitario.kr.it', md5('ssp'), 'SSP'),
       ('ssp@servizio.sanitario.cn.it', md5('ssp'), 'SSP'),
       ('ssp@servizio.sanitario.en.it', md5('ssp'), 'SSP'),
       ('ssp@servizio.sanitario.fm.it', md5('ssp'), 'SSP'),
       ('ssp@servizio.sanitario.fe.it', md5('ssp'), 'SSP'),
       ('ssp@servizio.sanitario.fi.it', md5('ssp'), 'SSP'),
       ('ssp@servizio.sanitario.fg.it', md5('ssp'), 'SSP'),
       ('ssp@servizio.sanitario.fc.it', md5('ssp'), 'SSP'),
       ('ssp@servizio.sanitario.fr.it', md5('ssp'), 'SSP'),
       ('ssp@servizio.sanitario.ge.it', md5('ssp'), 'SSP'),
       ('ssp@servizio.sanitario.go.it', md5('ssp'), 'SSP'),
       ('ssp@servizio.sanitario.gr.it', md5('ssp'), 'SSP'),
       ('ssp@servizio.sanitario.im.it', md5('ssp'), 'SSP'),
       ('ssp@servizio.sanitario.is.it', md5('ssp'), 'SSP'),
       ('ssp@servizio.sanitario.aq.it', md5('ssp'), 'SSP'),
       ('ssp@servizio.sanitario.sp.it', md5('ssp'), 'SSP'),
       ('ssp@servizio.sanitario.lt.it', md5('ssp'), 'SSP'),
       ('ssp@servizio.sanitario.le.it', md5('ssp'), 'SSP'),
       ('ssp@servizio.sanitario.lc.it', md5('ssp'), 'SSP'),
       ('ssp@servizio.sanitario.li.it', md5('ssp'), 'SSP'),
       ('ssp@servizio.sanitario.lo.it', md5('ssp'), 'SSP'),
       ('ssp@servizio.sanitario.lu.it', md5('ssp'), 'SSP'),
       ('ssp@servizio.sanitario.mc.it', md5('ssp'), 'SSP'),
       ('ssp@servizio.sanitario.mn.it', md5('ssp'), 'SSP'),
       ('ssp@servizio.sanitario.ms.it', md5('ssp'), 'SSP'),
       ('ssp@servizio.sanitario.mt.it', md5('ssp'), 'SSP'),
       ('ssp@servizio.sanitario.me.it', md5('ssp'), 'SSP'),
       ('ssp@servizio.sanitario.mi.it', md5('ssp'), 'SSP'),
       ('ssp@servizio.sanitario.mo.it', md5('ssp'), 'SSP'),
       ('ssp@servizio.sanitario.mb.it', md5('ssp'), 'SSP'),
       ('ssp@servizio.sanitario.na.it', md5('ssp'), 'SSP'),
       ('ssp@servizio.sanitario.no.it', md5('ssp'), 'SSP'),
       ('ssp@servizio.sanitario.nu.it', md5('ssp'), 'SSP'),
       ('ssp@servizio.sanitario.or.it', md5('ssp'), 'SSP'),
       ('ssp@servizio.sanitario.pd.it', md5('ssp'), 'SSP'),
       ('ssp@servizio.sanitario.pa.it', md5('ssp'), 'SSP'),
       ('ssp@servizio.sanitario.pr.it', md5('ssp'), 'SSP'),
       ('ssp@servizio.sanitario.pv.it', md5('ssp'), 'SSP'),
       ('ssp@servizio.sanitario.pg.it', md5('ssp'), 'SSP'),
       ('ssp@servizio.sanitario.pu.it', md5('ssp'), 'SSP'),
       ('ssp@servizio.sanitario.pe.it', md5('ssp'), 'SSP'),
       ('ssp@servizio.sanitario.pc.it', md5('ssp'), 'SSP'),
       ('ssp@servizio.sanitario.pi.it', md5('ssp'), 'SSP'),
       ('ssp@servizio.sanitario.pt.it', md5('ssp'), 'SSP'),
       ('ssp@servizio.sanitario.pn.it', md5('ssp'), 'SSP'),
       ('ssp@servizio.sanitario.pz.it', md5('ssp'), 'SSP'),
       ('ssp@servizio.sanitario.po.it', md5('ssp'), 'SSP'),
       ('ssp@servizio.sanitario.rg.it', md5('ssp'), 'SSP'),
       ('ssp@servizio.sanitario.ra.it', md5('ssp'), 'SSP'),
       ('ssp@servizio.sanitario.rc.it', md5('ssp'), 'SSP'),
       ('ssp@servizio.sanitario.re.it', md5('ssp'), 'SSP'),
       ('ssp@servizio.sanitario.ri.it', md5('ssp'), 'SSP'),
       ('ssp@servizio.sanitario.rn.it', md5('ssp'), 'SSP'),
       ('ssp@servizio.sanitario.rm.it', md5('ssp'), 'SSP'),
       ('ssp@servizio.sanitario.ro.it', md5('ssp'), 'SSP'),
       ('ssp@servizio.sanitario.sa.it', md5('ssp'), 'SSP'),
       ('ssp@servizio.sanitario.ss.it', md5('ssp'), 'SSP'),
       ('ssp@servizio.sanitario.sv.it', md5('ssp'), 'SSP'),
       ('ssp@servizio.sanitario.si.it', md5('ssp'), 'SSP'),
       ('ssp@servizio.sanitario.sr.it', md5('ssp'), 'SSP'),
       ('ssp@servizio.sanitario.so.it', md5('ssp'), 'SSP'),
       ('ssp@servizio.sanitario.su.it', md5('ssp'), 'SSP'),
       ('ssp@servizio.sanitario.ta.it', md5('ssp'), 'SSP'),
       ('ssp@servizio.sanitario.te.it', md5('ssp'), 'SSP'),
       ('ssp@servizio.sanitario.tr.it', md5('ssp'), 'SSP'),
       ('ssp@servizio.sanitario.to.it', md5('ssp'), 'SSP'),
       ('ssp@servizio.sanitario.tp.it', md5('ssp'), 'SSP'),
       ('ssp@servizio.sanitario.tn.it', md5('ssp'), 'SSP'),
       ('ssp@servizio.sanitario.tv.it', md5('ssp'), 'SSP'),
       ('ssp@servizio.sanitario.ts.it', md5('ssp'), 'SSP'),
       ('ssp@servizio.sanitario.ud.it', md5('ssp'), 'SSP'),
       ('ssp@servizio.sanitario.va.it', md5('ssp'), 'SSP'),
       ('ssp@servizio.sanitario.ve.it', md5('ssp'), 'SSP'),
       ('ssp@servizio.sanitario.vb.it', md5('ssp'), 'SSP'),
       ('ssp@servizio.sanitario.vc.it', md5('ssp'), 'SSP'),
       ('ssp@servizio.sanitario.vr.it', md5('ssp'), 'SSP'),
       ('ssp@servizio.sanitario.vv.it', md5('ssp'), 'SSP'),
       ('ssp@servizio.sanitario.vi.it', md5('ssp'), 'SSP'),
       ('ssp@servizio.sanitario.vt.it', md5('ssp'), 'SSP');


CREATE TABLE ListaEsami
(
    ID          serial,
    Nome        text,
    Descrizione text,
    PRIMARY KEY (ID)
);
INSERT INTO ListaEsami(Nome, Descrizione)
VALUES ('17 beta estradiolo', 'Esame sangue'),
       ('ACTH', 'Esame sangue'),
       ('ANA (anticorpi antinucleo)', 'Esame sangue'),
       ('Albumina', 'Esame sangue'),
       ('Albumina', 'Esame urine'),
       ('Aldosterone e Renina', 'Esame sangue'),
       ('Alfa globuline', 'Esame sangue'),
       ('Alfafetoproteina', 'Esame sangue'),
       ('Amilasi', 'Esame sangue'),
       ('Anticorpi anti AChR', 'Esame sangue'),
       ('Anticorpi anti muscolo liscio', 'Esame sangue'),
       ('Anticorpi anti-MuSK', 'Esame sangue'),
       ('Anticorpi anti-cardiolipina (aCL)', 'Esame sangue'),
       ('Anticorpi anti-endomisio', 'Esame sangue'),
       ('Anticorpi anti-gliadina', 'Esame sangue'),
       ('Anticorpi anti-sperma', ''),
       ('Anticorpi anti-tireoglobulina', 'Esame sangue'),
       ('Anticorpi anti-transglutaminasi', 'Esame sangue'),
       ('Anticorpi anticitrullina', 'Esame sangue'),
       ('Antiperossidasi tiroidea', 'Esame sangue'),
       ('Autoanticorpi tiroidei', 'Esame sangue'),
       ('Azotemia', 'Esame sangue'),
       ('BMI(Indice di Massa Corporea)', ''),
       ('BNP', 'Esame sangue'),
       ('Basofili', 'Esame sangue'),
       ('Beta HCG', 'Esame sangue'),
       ('Beta globuline', 'Esame sangue'),
       ('Bicarbonato', 'Esame sangue'),
       ('Bilirubina', 'Esame sangue'),
       ('Bilirubina', 'Esame urine'),
       ('CA 125', 'Esame sangue'),
       ('CA 15-3', 'Esame sangue'),
       ('CA 19-9', 'Esame sangue'),
       ('CEA', 'Esame sangue'),
       ('CK / CPK', 'Esame sangue'),
       ('Calcio', 'Esame sangue'),
       ('Calcitonina', 'Esame sangue'),
       ('Calprotectina', ''),
       ('Chetoni', 'Esame sangue'),
       ('Chetoni', 'Esame urine'),
       ('Citomegalovirus', 'Esame sangue'),
       ('Clamidia', ''),
       ('Clearance della creatinina', 'Esame urine'),
       ('Cloro', 'Esame sangue'),
       ('Clostridium Difficile', ''),
       ('Colesterolo Totale', 'Esame sangue'),
       ('Colonscopia', ''),
       ('Colore e trasparenza urine', ''),
       ('Coprocoltura', ''),
       ('Cortisolo', 'Esame sangue'),
       ('Creatinina', 'Esame sangue'),
       ('Creatinina', 'Esame urine'),
       ('Curva glicemica in gravidanza', 'Esame sangue'),
       ('D - dimero', 'Esame sangue'),
       ('DHEA', 'Esame sangue'),
       ('Ematocrito', 'Esame sangue'),
       ('Emogasanalisi', 'Esame sangue'),
       ('Emoglobina', 'Esame sangue'),
       ('Emoglobina', 'Esame urine'),
       ('Emoglobina glicata', 'Esame sangue'),
       ('Eosinofili', 'Esame sangue'),
       ('Esame al microscopio', 'Esame urine'),
       ('Esterasi leucocitaria', 'Esame urine'),
       ('FSH', 'Esame sangue'),
       ('Fattore reumatoide', 'Esame sangue'),
       ('Ferritina', 'Esame sangue'),
       ('Ferro(sideremia)', 'Esame sangue'),
       ('Fibrinogeno', 'Esame sangue'),
       ('Folati', 'Esame sangue'),
       ('Fosfatasi alcalina (ALP)', 'Esame sangue'),
       ('Fosforo', 'Esame sangue'),
       ('Fruttosaminemia', 'Esame sangue'),
       ('Gamma GT', 'Esame sangue'),
       ('Glicemia', 'Esame sangue'),
       ('Globuli rossi (eritrociti)', 'Esame sangue'),
       ('Glucosio nelle urine', 'Esame urine'),
       ('Gruppo sanguigno', 'Esame sangue'),
       ('HDL(Colesterolo)', 'Esame sangue'),
       ('HE4', 'Esame sangue'),
       ('HER2 / neu', ''),
       ('Helicobacter Pylori', ''),
       ('IgE', 'Esame sangue'),
       ('IgG e IgM Herpes simplex', 'Esame sangue'),
       ('Inibina', 'Esame sangue'),
       ('Insulina', 'Esame sangue'),
       ('Intervallo QT', ''),
       ('Intolleranza al lattosio', ''),
       ('LDH', 'Esame sangue'),
       ('LDL(colesterolo)', 'Esame sangue'),
       ('LH', 'Esame sangue'),
       ('Lattoferrina', ''),
       ('Leucociti(globuli bianchi)', 'Esame sangue'),
       ('Leucociti', 'Esame urine'),
       ('Linfociti', 'Esame sangue'),
       ('Lipasi pancreatica', 'Esame sangue'),
       ('Litiemia', 'Esame sangue'),
       ('MPV', 'Esame sangue'),
       ('Macroprolattina', 'Esame sangue'),
       ('Magnesio', 'Esame sangue'),
       ('Marker Epatite B', 'Esame sangue'),
       ('Marker epatite C', 'Esame sangue'),
       ('Mioglobina', 'Esame sangue'),
       ('Monociti', 'Esame sangue'),
       ('Mononucleosi(Epstein - Barr)', 'Esame sangue'),
       ('NSE', 'Esame sangue'),
       ('Neutrofili', 'Esame sangue'),
       ('Nitriti nelle urine', 'Esame urine'),
       ('Omocisteina', 'Esame sangue'),
       ('Ormone antimulleriano (AMH)', 'Esame sangue'),
       ('Ormone della crescita', 'Esame sangue'),
       ('PAP - test', ''),
       ('PCR', 'Esame sangue'),
       ('PSA free e ratio', 'Esame sangue'),
       ('PSA totale', 'Esame sangue'),
       ('PT(ed INR)', 'Esame sangue'),
       ('PTT e aPTT', 'Esame sangue'),
       ('Paratormone(PTH)', 'Esame sangue'),
       ('Peptide C', 'Esame sangue'),
       ('Peso specifico', 'Esame urine'),
       ('Piastrine', 'Esame sangue'),
       ('Potassio (potassiemia)', 'Esame sangue'),
       ('Procalcitonina', 'Esame sangue'),
       ('Progesterone', 'Esame sangue'),
       ('Prolattina', 'Esame sangue'),
       ('Proteine', 'Esame urine'),
       ('Proteine totali', 'Esame sangue'),
       ('RAST test', 'Esame sangue'),
       ('RDW', 'Esame sangue'),
       ('Rapporto albumina/creatinina', 'Esame urine'),
       ('Rosolia', 'Esame sangue'),
       ('Sangue nelle urine', 'Esame urine'),
       ('Sangue occulto nelle feci', ''),
       ('Sodio', 'Esame sangue'),
       ('Spermiogramma', ''),
       ('Spirometria', ''),
       ('T3 e T4 (FT3 e FT4)', 'Esame sangue'),
       ('TAS(ASLO)', 'Esame sangue'),
       ('TPA', 'Esame sangue'),
       ('TSH', 'Esame sangue'),
       ('Test HIV', 'Esame sangue'),
       ('Test di Coombs', 'Esame sangue'),
       ('Testosterone', 'Esame sangue'),
       ('Tireoglobulina', 'Esame sangue'),
       ('Toxoplasmosi', 'Esame sangue'),
       ('Transaminasi', 'Esame sangue'),
       ('Transferrina', 'Esame sangue'),
       ('Trigliceridi', 'Esame sangue'),
       ('Troponina', 'Esame sangue'),
       ('Uricemia', 'Esame sangue'),
       ('Urobilinogeno', 'Esame urine'),
       ('VES', 'Esame sangue'),
       ('Vitamina B12', 'Esame sangue'),
       ('Vitamina D', 'Esame sangue'),
       ('Volume corpuscolare medio (MCV)', 'Esame sangue'),
       ('Xilosio', ''),
       ('eGFR(Tasso presunto di filtrazione glomerulare)', 'Esame sangue'),
       ('pH', 'Esame urine');


CREATE TABLE Medicinali
(
    ID          serial,
    Nome        text,
    Descrizione text,
    PRIMARY KEY (ID)
);
INSERT INTO Medicinali(Nome, Descrizione)
VALUES ('Acamprosato', ''),
       ('Acarbosio', ''),
       ('Acebutololo', ''),
       ('Aceclofenac', ''),
       ('Acenocumarolo', ''),
       ('Acetazolamide', ''),
       ('Aciclovir', ''),
       ('Acido Acetilsalicilico', ''),
       ('Acido Acetilsalicilico / Magnesio Idrossido / Algeldrato', ''),
       ('Acido Alendronico', ''),
       ('Acido Alendronico / Colecalciferolo', ''),
       ('Acido Carglumico', ''),
       ('Acido Clodronico', ''),
       ('Acido Folico', ''),
       ('Acido Micofenolico', ''),
       ('Acido Pipemidico', ''),
       ('Acido Tauroursodesossicolico', ''),
       ('Acido Tiaprofenico', ''),
       ('Acido Tranexamico', ''),
       ('Acido Ursodesossicolico', ''),
       ('Acido Valproico / Sodio Valproato', ''),
       ('Acitretina', ''),
       ('Aclidinio', ''),
       ('Aclidinio / Formoterolo', ''),
       ('Acqua Per Preparazioni Iniettabili', ''),
       ('Adefovir Dipivoxil', ''),
       ('Adrenalina', ''),
       ('Albendazolo', ''),
       ('Albumina Umana', ''),
       ('Albutrepenonacog Alfa', ''),
       ('Alcinonide', ''),
       ('Alfacalcidolo', ''),
       ('Alfuzosina', ''),
       ('Alirocumab', ''),
       ('Aliskiren', ''),
       ('Aliskiren / Idroclorotiazide', ''),
       ('Alizapride', ''),
       ('Allopurinolo', ''),
       ('Almotriptan', ''),
       ('Alogliptin', ''),
       ('Alogliptin / Metformina', ''),
       ('Alogliptin / Pioglitazone', ''),
       ('Aloperidolo', ''),
       ('Alprostadil', ''),
       ('Ambrisentan', ''),
       ('Amikacina', ''),
       ('Amiloride / Idroclorotiazide', ''),
       ('Aminofillina', ''),
       ('Amiodarone', ''),
       ('Amisulpride', ''),
       ('Amitriptilina', ''),
       ('Amlodipina', ''),
       ('Amoxicillina', ''),
       ('Amoxicillina / Acido Clavulanico', ''),
       ('Ampicillina', ''),
       ('Ampicillina / Sulbactam', ''),
       ('Amtolmetina Guacile', ''),
       ('Anagrelide', ''),
       ('Anastrozolo', ''),
       ('Apixaban', ''),
       ('Apomorfina', ''),
       ('Apraclonidina', ''),
       ('Apremilast', ''),
       ('Aripiprazolo', ''),
       ('Asenapina', ''),
       ('Atenololo', ''),
       ('Atenololo / Clortalidone', ''),
       ('Atenololo / Indapamide', ''),
       ('Atomoxetina', ''),
       ('Atorvastatina', ''),
       ('Atropina Solfato', ''),
       ('Avanafil', ''),
       ('Azatioprina', ''),
       ('Azitromicina', ''),
       ('Bacampicillina', ''),
       ('Baclofene', ''),
       ('Balsalazide', ''),
       ('Barnidipina', ''),
       ('Bazedoxifene', ''),
       ('Beclometasone', ''),
       ('Beclometasone / Formoterolo', ''),
       ('Beclometasone / Formoterolo / Glicopirronio', ''),
       ('Beclometasone / Salbutamolo', ''),
       ('Bemiparina', ''),
       ('Benazepril', ''),
       ('Benazepril / Idroclorotiazide', ''),
       ('Benralizumab', ''),
       ('Benzilpenicillina Benzatinica', ''),
       ('Betaina', ''),
       ('Betametasone', ''),
       ('Betaxololo', ''),
       ('Bexarotene', ''),
       ('Bezafibrato', ''),
       ('Bicalutamide', ''),
       ('Bimatoprost', ''),
       ('Biperidene', ''),
       ('Bismuto Subcitrato Potassio / Metronidazolo / Tetraciclina Cloridrato', ''),
       ('Bisoprololo', ''),
       ('Bisoprololo / Idroclorotiazide', ''),
       ('Bisoprololo / Perindopril', ''),
       ('Bornaprina', ''),
       ('Bosentan', ''),
       ('Brimonidina', ''),
       ('Brinzolamide', ''),
       ('Brinzolamide / Timololo', ''),
       ('Brivaracetam', ''),
       ('Brivudina', ''),
       ('Bromocriptina', ''),
       ('Bromperidolo', ''),
       ('Budesonide', ''),
       ('Budesonide / Formoterolo', ''),
       ('Buprenorfina', ''),
       ('Buprenorfina / Naloxone', ''),
       ('Bupropione', ''),
       ('Buserelin', ''),
       ('Cabergolina', ''),
       ('Calcifediolo', ''),
       ('Calcio Acetato / Magnesio Carbonato', ''),
       ('Calcio Carbonato', ''),
       ('Calcio Carbonato / Colecalciferolo', ''),
       ('Calcio Cloruro', ''),
       ('Calcio Folinato', ''),
       ('Calcio Fosfato / Colecalciferolo', ''),
       ('Calcio Polistirensolfonato', ''),
       ('Calcipotriolo', ''),
       ('Calcipotriolo / Betametasone', ''),
       ('Calcitriolo', ''),
       ('Canagliflozin', ''),
       ('Canagliflozin / Metformina', ''),
       ('Candesartan Cilexetil', ''),
       ('Candesartan Cilexetil / Amlodipina', ''),
       ('Candesartan Cilexetil / Idroclorotiazide', ''),
       ('Canrenone', ''),
       ('Capecitabina', ''),
       ('Captopril', ''),
       ('Captopril / Idroclorotiazide', ''),
       ('Carbamazepina', ''),
       ('Carbomer', ''),
       ('Cariprazina', ''),
       ('Carteololo', ''),
       ('Carvedilolo', ''),
       ('Cefaclor', ''),
       ('Cefalexina', ''),
       ('Cefazolina', ''),
       ('Cefditoren', ''),
       ('Cefepime', ''),
       ('Cefixima', ''),
       ('Cefmetazolo', ''),
       ('Cefodizima', ''),
       ('Cefotaxima', ''),
       ('Cefoxitina', ''),
       ('Cefpodoxima', ''),
       ('Cefprozil', ''),
       ('Ceftazidima', ''),
       ('Ceftibuten', ''),
       ('Ceftriaxone', ''),
       ('Cefuroxima', ''),
       ('Celecoxib', ''),
       ('Celiprololo', ''),
       ('Cetirizina', ''),
       ('Cianocobalamina', ''),
       ('Ciclesonide', ''),
       ('Ciclofosfamide', ''),
       ('Ciclosporina', ''),
       ('Cilazapril', ''),
       ('Cilazapril / Idroclorotiazide', ''),
       ('Cinacalcet', ''),
       ('Cinnoxicam', ''),
       ('Cinoxacina', ''),
       ('Ciprofloxacina', ''),
       ('Ciproterone', ''),
       ('Citalopram', ''),
       ('Claritromicina', ''),
       ('Clindamicina', ''),
       ('Clobetasolo', ''),
       ('Clomifene', ''),
       ('Clomipramina', ''),
       ('Clonazepam', ''),
       ('Clonidina', ''),
       ('Clopidogrel', ''),
       ('Clopidogrel / Acido Acetilsalicilico', ''),
       ('Clorambucile', ''),
       ('Clorochina', ''),
       ('Clorpromazina', ''),
       ('Clortalidone', ''),
       ('Clotiapina', ''),
       ('Clozapina', ''),
       ('Colchicina', ''),
       ('Colecalciferolo', ''),
       ('Colestiramina', ''),
       ('Complesso Protrombinico Antiemofilico Umano Attivato', ''),
       ('Corifollitropina Alfa', ''),
       ('Coriogonadotropina Alfa', ''),
       ('Cortisone', ''),
       ('Dabigatran', ''),
       ('Daclatasvir', ''),
       ('Danazolo', ''),
       ('Dapagliflozin', ''),
       ('Dapagliflozin / Metformina', ''),
       ('Darbepoetina Alfa', ''),
       ('Dasabuvir', ''),
       ('Deferasirox', ''),
       ('Deferiprone', ''),
       ('Deferoxamina', ''),
       ('Degarelix', ''),
       ('Delapril', ''),
       ('Delapril / Indapamide', ''),
       ('Delapril / Manidipina', ''),
       ('Denosumab', ''),
       ('Desametasone', ''),
       ('Desloratadina', ''),
       ('Desmopressina', ''),
       ('Desossiribonucleasi', ''),
       ('Dexibuprofene', ''),
       ('Diazossido', ''),
       ('Diclofenac', ''),
       ('Diclofenac / Misoprostolo', ''),
       ('Didrogesterone', ''),
       ('Diflucortolone', ''),
       ('Digossina', ''),
       ('Diidrochinidina', ''),
       ('Diidrocodeina', ''),
       ('Diidrocodeina / Acido Benzoico', ''),
       ('Diltiazem', ''),
       ('Dimetilfumarato', ''),
       ('Dipiridamolo / Acido Acetilsalicilico', ''),
       ('Disopiramide', ''),
       ('Disulfiram', ''),
       ('Donepezil', ''),
       ('Dorzolamide', ''),
       ('Dorzolamide / Timololo', ''),
       ('Doxazosina', ''),
       ('Doxiciclina', ''),
       ('Doxofillina', ''),
       ('Dronedarone', ''),
       ('Dulaglutide', ''),
       ('Duloxetina', ''),
       ('Dutasteride', ''),
       ('Ebastina', ''),
       ('Edoxaban', ''),
       ('Efmoroctocog Alfa', ''),
       ('Eftrenonacog Alfa', ''),
       ('Elbasvir / Grazoprevir', ''),
       ('Eletriptan', ''),
       ('Eliglustat', ''),
       ('Emicizumab', ''),
       ('Empagliflozin', ''),
       ('Empagliflozin / Metformina', ''),
       ('Enalapril', ''),
       ('Enalapril / Idroclorotiazide', ''),
       ('Enalapril / Lercanidipina', ''),
       ('Enoxaparina Sodica', ''),
       ('Entacapone', ''),
       ('Entecavir', ''),
       ('Eparina Calcica', ''),
       ('Eparina Sodica', ''),
       ('Eplerenone', ''),
       ('Epoetina Alfa', ''),
       ('Epoetina Beta', ''),
       ('Epoetina Teta', ''),
       ('Epoetina Zeta', ''),
       ('Eprosartan', ''),
       ('Eprosartan / Idroclorotiazide', ''),
       ('Eritromicina', ''),
       ('Escitalopram', ''),
       ('Eslicarbazepina', ''),
       ('Esomeprazolo', ''),
       ('Estradiolo', ''),
       ('Estradiolo / Didrogesterone', ''),
       ('Estradiolo / Drospirenone', ''),
       ('Estradiolo / Levonorgestrel', ''),
       ('Estradiolo / Nomegestrolo', ''),
       ('Estradiolo / Noretisterone', ''),
       ('Estramustina', ''),
       ('Estriolo', ''),
       ('Etambutolo', ''),
       ('Etelcalcetide', ''),
       ('Etinilestradiolo', ''),
       ('Etinilestradiolo / Ciproterone', ''),
       ('Etoposide', ''),
       ('Etoricoxib', ''),
       ('Etosuccimide', ''),
       ('Everolimus', ''),
       ('Evolocumab', ''),
       ('Exemestane', ''),
       ('Exenatide', ''),
       ('Ezetimibe', ''),
       ('Ezetimibe / Simvastatina', ''),
       ('Famciclovir', ''),
       ('Famotidina', ''),
       ('Fattore Ix Di Coagulazione Del Sangue Umano Liofilizzato', ''),
       ('Fattore Vii Di Coagulazione Del Sangue Umano Liofilizzato', ''),
       ('Fattore Viii Di Coagulazione Del Sangue Umano Da Frazionamento Del Plasma', ''),
       ('Fattore Viii Di Coagulazione Del Sangue Umano Liofilizzato', ''),
       ('Fattore Viii Umano Di Coagulazione / Fattore Di Von Willebrand', ''),
       ('Febuxostat', ''),
       ('Felbamato', ''),
       ('Felodipina', ''),
       ('Felodipina / Ramipril', ''),
       ('Fenitoina', ''),
       ('Fenobarbital', ''),
       ('Fenofibrato', ''),
       ('Fenoterolo', ''),
       ('Fenoterolo / Ipratropio Bromuro', ''),
       ('Fentanil', ''),
       ('Ferro Polimaltosato', ''),
       ('Ferroso Glicina Solfato', ''),
       ('Ferroso Gluconato', ''),
       ('Ferroso Solfato', ''),
       ('Fexofenadina', ''),
       ('Filgrastim', ''),
       ('Finasteride', ''),
       ('Fingolimod', ''),
       ('Fitomenadione', ''),
       ('Flecainide', ''),
       ('Floroglucinolo', ''),
       ('Flucloxacillina', ''),
       ('Fluconazolo', ''),
       ('Fludarabina', ''),
       ('Flufenazina', ''),
       ('Flunisolide', ''),
       ('Fluocinolone Acetonide', ''),
       ('Fluocinonide', ''),
       ('Fluorouracile / Acido Salicilico', ''),
       ('Fluoxetina', ''),
       ('Flurbiprofene', ''),
       ('Flutamide', ''),
       ('Fluticasone', ''),
       ('Fluticasone / Formoterolo', ''),
       ('Fluticasone / Vilanterolo', ''),
       ('Fluvastatina', ''),
       ('Fluvoxamina', ''),
       ('Follitropina Alfa Da Dna Ricombinante', ''),
       ('Follitropina Alfa / Lutropina Alfa', ''),
       ('Follitropina Beta', ''),
       ('Follitropina Delta', ''),
       ('Fondaparinux', ''),
       ('Formoterolo', ''),
       ('Fosfomicina', ''),
       ('Fosinopril', ''),
       ('Fosinopril / Idroclorotiazide', ''),
       ('Frovatriptan', ''),
       ('Furosemide', ''),
       ('Furosemide / Spironolattone', ''),
       ('Furosemide / Triamterene', ''),
       ('Gabapentin', ''),
       ('Galantamina', ''),
       ('Gemfibrozil', ''),
       ('Glatiramer', ''),
       ('Glecaprevir / Pibrentasvir', ''),
       ('Glibenclamide', ''),
       ('Glicerolo Fenilbutirrato', ''),
       ('Gliclazide', ''),
       ('Glicopirronio', ''),
       ('Glimepiride', ''),
       ('Glipizide', ''),
       ('Gliquidone', ''),
       ('Glucagone', ''),
       ('Glucosio', ''),
       ('Gonadorelina', ''),
       ('Gonadotropina Corionica', ''),
       ('Goserelin', ''),
       ('Granisetrone', ''),
       ('Griseofulvina', ''),
       ('Ibuprofene', ''),
       ('Ibuprofene / Codeina', ''),
       ('Idarubicina', ''),
       ('Idebenone', ''),
       ('Idroclorotiazide', ''),
       ('Idrocortisone', ''),
       ('Idromorfone', ''),
       ('Idrossiprogesterone', ''),
       ('Idroxicarbamide', ''),
       ('Idroxiclorochina', ''),
       ('Idroxocobalamina', ''),
       ('Iloprost', ''),
       ('Imatinib', ''),
       ('Imiquimod', ''),
       ('Immunoglobulina Umana Anti-d', ''),
       ('Immunoglobulina Umana Antiepatite B', ''),
       ('Immunoglobulina Umana Antitetanica', ''),
       ('Indacaterolo', ''),
       ('Indacaterolo / Glicopirronio', ''),
       ('Indapamide', ''),
       ('Indometacina', ''),
       ('Ingenolo Mebutato', ''),
       ('Insulina Aspart', ''),
       ('Insulina Degludec', ''),
       ('Insulina Degludec / Liraglutide', ''),
       ('Insulina Detemir', ''),
       ('Insulina Glargine', ''),
       ('Insulina Glargine / Lixisenatide', ''),
       ('Insulina Glulisina', ''),
       ('Insulina Lispro Da Dna Ricomb / Insulina Lispro Protamina', ''),
       ('Insulina Lispro Da Dna Ricombinante', ''),
       ('Insulina Umana Da Dna Ricombinante', ''),
       ('Insulina Umana Da Dna Ricombinante / Insulina Umana Isofano Da Dna Ricombinante', ''),
       ('Insulina Umana Isofano Da Dna Ricombinante', ''),
       ('Interferone Alfa 2a', ''),
       ('Interferone Alfa 2b', ''),
       ('Interferone Beta 1a', ''),
       ('Interferone Beta 1b', ''),
       ('Ipratropio Bromuro', ''),
       ('Irbesartan', ''),
       ('Irbesartan / Idroclorotiazide', ''),
       ('Isavuconazolo', ''),
       ('Isoniazide', ''),
       ('Isoniazide / Pirazinamide / Rifampicina', ''),
       ('Isosorbide Dinitrato', ''),
       ('Isosorbide Mononitrato', ''),
       ('Isotretinoina', ''),
       ('Isradipina', ''),
       ('Itraconazolo', ''),
       ('Ivabradina', ''),
       ('Ivacaftor', ''),
       ('Josamicina', ''),
       ('Ketoconazolo', ''),
       ('Ketoprofene', ''),
       ('Ketorolac', ''),
       ('Ketotifene', ''),
       ('Labetalolo', ''),
       ('Lacidipina', ''),
       ('Lacosamide', ''),
       ('Lamivudina', ''),
       ('Lamotrigina', ''),
       ('Lanreotide', ''),
       ('Lansoprazolo', ''),
       ('Lantanio', ''),
       ('Latanoprost', ''),
       ('Latanoprost / Timololo', ''),
       ('Lattitolo', ''),
       ('Lattulosio', ''),
       ('Leflunomide', ''),
       ('Lenograstim', ''),
       ('Lercanidipina', ''),
       ('Lesinurad', ''),
       ('Letermovir', ''),
       ('Letrozolo', ''),
       ('Leuprorelina', ''),
       ('Levetiracetam', ''),
       ('Levobunololo', ''),
       ('Levocarnitina', ''),
       ('Levocetirizina', ''),
       ('Levodopa / Benserazide', ''),
       ('Levodopa / Carbidopa', ''),
       ('Levodopa / Carbidopa / Entacapone', ''),
       ('Levodropropizina', ''),
       ('Levofloxacina', ''),
       ('Levomepromazina', ''),
       ('Levosulpiride', ''),
       ('Levotiroxina', ''),
       ('Lidocaina', ''),
       ('Limeciclina', ''),
       ('Linagliptin', ''),
       ('Lincomicina', ''),
       ('Linezolid', ''),
       ('Liotironina', ''),
       ('Lipegfilgrastim', ''),
       ('Lipidi Di Soia / Fosfolipidi Di Tuorlo D''uovo', ''),
       ('Liraglutide', ''),
       ('Lisinopril', ''),
       ('Lisinopril / Idroclorotiazide', ''),
       ('Litio Carbonato', ''),
       ('Lixisenatide', ''),
       ('Lomefloxacina', ''),
       ('Lomitapide', ''),
       ('Lonoctocog Alfa', ''),
       ('Loratadina', ''),
       ('Lornoxicam', ''),
       ('Losartan', ''),
       ('Losartan / Idroclorotiazide', ''),
       ('Lovastatina', ''),
       ('Lumacaftor / Ivacaftor', ''),
       ('Lurasidone', ''),
       ('Lutropina Alfa', ''),
       ('Macitentan', ''),
       ('Magaldrato', ''),
       ('Magnesio Valproato', ''),
       ('Manidipina', ''),
       ('Mannitolo', ''),
       ('Mebendazolo', ''),
       ('Medrossiprogesterone', ''),
       ('Meflochina', ''),
       ('Megestrolo', ''),
       ('Melevodopa / Carbidopa', ''),
       ('Melfalan', ''),
       ('Meloxicam', ''),
       ('Memantina', ''),
       ('Menotropina', ''),
       ('Mepolizumab', ''),
       ('Mercaptamina', ''),
       ('Mercaptopurina', ''),
       ('Mesalazina', ''),
       ('Mesna', ''),
       ('Metaciclina', ''),
       ('Metadone', ''),
       ('Metformina', ''),
       ('Metformina / Glibenclamide', ''),
       ('Metformina / Linagliptin', ''),
       ('Metildopa', ''),
       ('Metilergometrina', ''),
       ('Metilfenidato', ''),
       ('Metilnaltrexone', ''),
       ('Metilprednisolone', ''),
       ('Metirapone', ''),
       ('Metixene', ''),
       ('Metoclopramide', ''),
       ('Metolazone', ''),
       ('Metoprololo', ''),
       ('Metossipolietilenglicole-epoetina Beta', ''),
       ('Metotrexato', ''),
       ('Metronidazolo', ''),
       ('Mianserina', ''),
       ('Micofenolato Mofetile', ''),
       ('Miconazolo', ''),
       ('Midazolam', ''),
       ('Migalastat', ''),
       ('Miglustat', ''),
       ('Minociclina', ''),
       ('Miocamicina', ''),
       ('Mirtazapina', ''),
       ('Misoprostolo', ''),
       ('Mitotano', ''),
       ('Mizolastina', ''),
       ('Modafinil', ''),
       ('Moexipril / Idroclorotiazide', ''),
       ('Mometasone', ''),
       ('Montelukast', ''),
       ('Morfina Cloridrato', ''),
       ('Morfina Solfato', ''),
       ('Moroctocog Alfa (fattore Viii Di Coagulazione, Ricombinante)', ''),
       ('Moxifloxacina', ''),
       ('Moxonidina', ''),
       ('Nabumetone', ''),
       ('Nadroparina', ''),
       ('Naloxegol', ''),
       ('Naltrexone', ''),
       ('Naproxene', ''),
       ('Nebivololo', ''),
       ('Nebivololo / Idroclorotiazide', ''),
       ('Nedocromile', ''),
       ('Neostigmina', ''),
       ('Netilmicina', ''),
       ('Nicardipina', ''),
       ('Niclosamide', ''),
       ('Nifedipina', ''),
       ('Nimesulide', ''),
       ('Nimesulide Betaciclodestrina', ''),
       ('Nisoldipina', ''),
       ('Nistatina', ''),
       ('Nitisinone', ''),
       ('Nitrendipina', ''),
       ('Nitroglicerina', ''),
       ('Nizatidina', ''),
       ('Nomegestrolo', ''),
       ('Nonacog Alfa (fattore Ix Di Coagulazione, Ricombinante)', ''),
       ('Nonacog Gamma (fattore Ix Di Coagulazione, Ricombinante)', ''),
       ('Noretisterone', ''),
       ('Norfloxacina', ''),
       ('Nortriptilina', ''),
       ('Octocog Alfa (fattore Viii Di Coagulazione, Ricombinante)', ''),
       ('Octreotide', ''),
       ('Olanzapina', ''),
       ('Olmesartan Medoxomil', ''),
       ('Olmesartan Medoxomil / Amlodipina', ''),
       ('Olmesartan Medoxomil / Idroclorotiazide', ''),
       ('Olodaterolo', ''),
       ('Omalizumab', ''),
       ('Ombitasvir / Paritaprevir / Ritonavir', ''),
       ('Omega Polienoici (esteri Etilici Di Acidi Grassi Polinsaturi)', ''),
       ('Omeprazolo', ''),
       ('Ondansetrone', ''),
       ('Opicapone', ''),
       ('Ossidrossido Sucroferrico', ''),
       ('Ossigeno', ''),
       ('Oxacillina', ''),
       ('Oxatomide', ''),
       ('Oxcarbazepina', ''),
       ('Oxibutinina', ''),
       ('Oxicodone', ''),
       ('Oxicodone / Naloxone', ''),
       ('Oxicodone / Paracetamolo', ''),
       ('Oxitropio Bromuro', ''),
       ('Paliperidone', ''),
       ('Palivizumab', ''),
       ('Pancrelipasi', ''),
       ('Pantoprazolo', ''),
       ('Paracalcitolo', ''),
       ('Paracetamolo / Codeina', ''),
       ('Parnaparina', ''),
       ('Paromomicina', ''),
       ('Paroxetina', ''),
       ('Pasireotide', ''),
       ('Pefloxacina', ''),
       ('Pegfilgrastim', ''),
       ('Peginterferone Alfa 2a', ''),
       ('Peginterferone Alfa 2b', ''),
       ('Peginterferone Beta 1a', ''),
       ('Pegvisomant', ''),
       ('Pentaeritritile Tetranitrato', ''),
       ('Pentamidina', ''),
       ('Perampanel', ''),
       ('Periciazina', ''),
       ('Perindopril', ''),
       ('Perindopril / Amlodipina', ''),
       ('Perindopril / Indapamide', ''),
       ('Perindopril / Indapamide / Amlodipina', ''),
       ('Pilocarpina', ''),
       ('Pimozide', ''),
       ('Pindololo', ''),
       ('Pioglitazone', ''),
       ('Pioglitazone / Glimepiride', ''),
       ('Pioglitazone / Metformina', ''),
       ('Piperacillina', ''),
       ('Piperacillina / Tazobactam', ''),
       ('Pipetanato', ''),
       ('Pirantel', ''),
       ('Pirazinamide', ''),
       ('Piridostigmina', ''),
       ('Piroxicam', ''),
       ('Pizotifene', ''),
       ('Polline Graminacee Phleum Pratense', ''),
       ('Polline Graminacee Phleum Pratense / Dactylis Glomerata / Anthoxanthum Odoratum / Lolium Perenne / Poa Pratensis',
        ''),
       ('Posaconazolo', ''),
       ('Potassio Canrenoato', ''),
       ('Potassio Canrenoato / Butizide', ''),
       ('Potassio Cloruro', ''),
       ('Pralidoxima', ''),
       ('Pramipexolo', ''),
       ('Prasugrel', ''),
       ('Pravastatina', ''),
       ('Prednicarbato', ''),
       ('Prednisolone', ''),
       ('Prednisone', ''),
       ('Pregabalin', ''),
       ('Primidone', ''),
       ('Procarbazina', ''),
       ('Progesterone', ''),
       ('Proglumetacina', ''),
       ('Promestriene', ''),
       ('Prometazina', ''),
       ('Propafenone', ''),
       ('Propranololo', ''),
       ('Protamina', ''),
       ('Proteina Del Plasma Umano Antiangioedema', ''),
       ('Prulifloxacina', ''),
       ('Quetiapina', ''),
       ('Quinapril', ''),
       ('Quinapril / Idroclorotiazide', ''),
       ('Rabeprazolo', ''),
       ('Raloxifene', ''),
       ('Ramipril', ''),
       ('Ramipril / Amlodipina', ''),
       ('Ramipril / Idroclorotiazide', ''),
       ('Ramipril / Piretanide', ''),
       ('Ranitidina', ''),
       ('Ranolazina', ''),
       ('Rasagilina', ''),
       ('Reboxetina', ''),
       ('Regorafenib', ''),
       ('Repaglinide', ''),
       ('Retigabina', ''),
       ('Ribavirina', ''),
       ('Rifabutina', ''),
       ('Rifampicina', ''),
       ('Rifampicina / Isoniazide', ''),
       ('Rifaximina', ''),
       ('Riluzolo', ''),
       ('Riociguat', ''),
       ('Risperidone', ''),
       ('Ritodrina', ''),
       ('Rivaroxaban', ''),
       ('Rivastigmina', ''),
       ('Rizatriptan', ''),
       ('Roflumilast', ''),
       ('Ropinirolo', ''),
       ('Rosuvastatina', ''),
       ('Rosuvastatina / Ezetimibe', ''),
       ('Rotigotina', ''),
       ('Roxatidina', ''),
       ('Roxitromicina', ''),
       ('Rufinamide', ''),
       ('Rufloxacina', ''),
       ('Rupatadina', ''),
       ('Sacubitril / Valsartan', ''),
       ('Safinamide', ''),
       ('Salbutamolo', ''),
       ('Salbutamolo / Flunisolide', ''),
       ('Salbutamolo / Ipratropio Bromuro', ''),
       ('Salmeterolo', ''),
       ('Salmeterolo / Fluticasone', ''),
       ('Sapropterina', ''),
       ('Saxagliptin', ''),
       ('Saxagliptin / Metformina', ''),
       ('Scopolamina', ''),
       ('Selegilina', ''),
       ('Selexipag', ''),
       ('Sertralina', ''),
       ('Sevelamer', ''),
       ('Sildenafil', ''),
       ('Silodosina', ''),
       ('Simoctocog Alfa', ''),
       ('Simvastatina', ''),
       ('Sirolimus', ''),
       ('Sitagliptin', ''),
       ('Sitagliptin / Metformina', ''),
       ('Sodio Alginato / Potassio Bicarbonato', ''),
       ('Sodio Cloruro', ''),
       ('Sodio Fenilbutirrato', ''),
       ('Sodio Ferrigluconato', ''),
       ('Sodio Ibandronato', ''),
       ('Sodio Neridronato', ''),
       ('Sodio Polistirensolfonato', ''),
       ('Sodio Risedronato', ''),
       ('Sodio Valproato', ''),
       ('Sofosbuvir / Velpatasvir', ''),
       ('Sofosbuvir / Velpatasvir / Voxilaprevir', ''),
       ('Somatropina', ''),
       ('Sotalolo', ''),
       ('Spiramicina', ''),
       ('Spironolattone', ''),
       ('Spironolattone / Idroclorotiazide', ''),
       ('Stronzio Ranelato', ''),
       ('Sucralfato', ''),
       ('Sulfasalazina', ''),
       ('Sumatriptan', ''),
       ('Tacalcitolo', ''),
       ('Tacrolimus', ''),
       ('Tadalafil', ''),
       ('Tafluprost', ''),
       ('Tafluprost / Timololo', ''),
       ('Tamoxifene', ''),
       ('Tamsulosina', ''),
       ('Tapentadolo', ''),
       ('Tazarotene', ''),
       ('Te'' Verde Foglie Estratto', ''),
       ('Tedizolid', ''),
       ('Tegafur / Gimeracil / Oteracil', ''),
       ('Teicoplanina', ''),
       ('Telbivudina', ''),
       ('Telitromicina', ''),
       ('Telmisartan', ''),
       ('Telmisartan / Idroclorotiazide', ''),
       ('Temozolomide', ''),
       ('Tenoxicam', ''),
       ('Teofillina', ''),
       ('Terazosina', ''),
       ('Terbinafina', ''),
       ('Teriflunomide', ''),
       ('Teriparatide', ''),
       ('Testosterone', ''),
       ('Tetrabenazina', ''),
       ('Tiagabina', ''),
       ('Tiamazolo', ''),
       ('Tiapride', ''),
       ('Tibolone', ''),
       ('Ticagrelor', ''),
       ('Ticlopidina', ''),
       ('Timololo', ''),
       ('Timololo / Bimatoprost', ''),
       ('Timololo / Brimonidina', ''),
       ('Timololo / Travoprost', ''),
       ('Tinidazolo', ''),
       ('Tioguanina', ''),
       ('Tiotropio', ''),
       ('Tiotropio / Olodaterolo', ''),
       ('Tobramicina', ''),
       ('Tolcapone', ''),
       ('Tolterodina', ''),
       ('Tolvaptan', ''),
       ('Topiramato', ''),
       ('Topotecan', ''),
       ('Torasemide', ''),
       ('Toremifene', ''),
       ('Tramadolo', ''),
       ('Trandolapril', ''),
       ('Travoprost', ''),
       ('Trazodone', ''),
       ('Tretinoina', ''),
       ('Triamcinolone', ''),
       ('Triesifenidile', ''),
       ('Trifluoperazina', ''),
       ('Trifluridina / Tipiracil', ''),
       ('Trimetoprim / Sulfametoxazolo', ''),
       ('Trimipramina', ''),
       ('Triptorelina', ''),
       ('Turoctocog Alfa', ''),
       ('Ulipristal', ''),
       ('Umeclidinio', ''),
       ('Umeclidinio / Vilanterolo', ''),
       ('Urofollitropina', ''),
       ('Valaciclovir', ''),
       ('Valganciclovir', ''),
       ('Valpromide', ''),
       ('Valsartan', ''),
       ('Valsartan / Idroclorotiazide', ''),
       ('Vancomicina', ''),
       ('Vardenafil', ''),
       ('Venlafaxina', ''),
       ('Verapamil', ''),
       ('Vigabatrin', ''),
       ('Vilanterolo / Umeclidinio / Fluticasone', ''),
       ('Vildagliptin', ''),
       ('Vildagliptin / Metformina', ''),
       ('Vinorelbina', ''),
       ('Voriconazolo', ''),
       ('Vortioxetina', ''),
       ('Warfarin', ''),
       ('Zinco Acetato', ''),
       ('Ziprasidone', ''),
       ('Zofenopril', ''),
       ('Zofenopril / Idroclorotiazide', ''),
       ('Zolmitriptan', ''),
       ('Zonisamide', ''),
       ('Zuclopentixolo', '');


CREATE TABLE Esami
(
    ID       serial,
    Esame    integer,
    Paziente integer,
    Svolto   boolean,
    Esito    text,
    Data     date,
    Richiamo bool,
    Medico   integer default -1,
    PRIMARY KEY (ID),
    FOREIGN KEY (Esame) REFERENCES Esami (ID),
    FOREIGN KEY (Paziente) REFERENCES Pazienti (ID)
);


CREATE TABLE Ricette
(
    ID                  serial,
    Medicinale          integer,
    Paziente            integer,
    Medico              integer,
    Ritirata            boolean,
    DataPrescrizione    date,
    Farmacia            integer,
    PRIMARY KEY (ID),
    FOREIGN KEY (Medicinale) REFERENCES Medicinali (ID),
    FOREIGN KEY (Paziente) REFERENCES Pazienti (ID),
    FOREIGN KEY (Medico) REFERENCES Medici (ID)
);


-- SEZIONE VARI
CREATE TABLE Foto
(
    Paziente integer,
    Data     date,
    Immagine bytea,
    Attiva   bool,
    PRIMARY KEY (Paziente, Data),
    FOREIGN KEY (Paziente) REFERENCES Pazienti (ID)
);


CREATE TABLE Tickets
(
    ID       serial,
    Paziente integer,
    Causale  text,
    Data     date,
    Importo  money,
    PRIMARY KEY (ID),
    FOREIGN KEY (Paziente) REFERENCES Pazienti (ID)
);